747574325f3e6087c2c2381fb289ef54ca9aaad9	source/Examples/GitHub OAuth Test.vi
b946f9c5bfe11289007eea5f9144ed89680208cd	source/Examples/Gitlab OAuth Test.vi
d26114ecb339329f26e3b15aeb98b9edf57750da	source/Examples/GooglePlatform OAuth Test.vi
b9d43f193b95af82860d70a7dee044f199ac4841	source/Examples/Harvest OAuth Test.vi
9804f6d49e47ad37cadb065dc588207d68706333	source/Examples/LinkedIn OAuth Test.vi
51ce72d1632db22ac6cf62f624b3ffd0af9627c2	source/Examples/Slack OAuth Test.vi
4831876bbbbf601997af8dee8b79366340016335	source/OAuthToken/Apply Reverse Proxy.vi
5751c8eef21772592072b8bb4a262025a8b46434	source/OAuthToken/List All Elements.vi
c7cfc88faefca3e97b34145f1e4901cebcaf464f	source/OAuthToken/Remove Element.vi
8758b80c419aa0ca0e6bae325c509044a2a0f48d	source/OAuthToken/Retrieve Element.vi
13ffca73921b39b1b8a6f6973c7f57c22183ae6a	source/OAuthToken/Update Token.vi
f27af7925ea14f0fd60d71172c0aa4b75fe4fc8a	source/Oauth2.GitLab/Initialize OAuth for GitLab.vi
a0e6528f8b546fb2e72de8f90892c340cc2d3ae9	source/Oauth2.GitLab/Read Created At.vi
456317cbb9c6fa8ff679d3ed432c4e371bc0ea52	source/Oauth2.GitLab/Read Created Timestamp.vi
13ebcbf2512c5e48668b79cb95241bbdde7b6491	source/Oauth2.GitLab/decode access token response.vi
7ad3efd91936c710695a182d8afcc1689f2110b8	source/Oauth2.GitLab/relative access path.vi
7774fbfff2b8e64d50d9eb3bcfaf3b6f5c9f74ee	source/Oauth2.Github/Initialize OAuth for GitHub.vi
82df0d13030ba602362ec2a1b13127cb19d0123d	source/Oauth2.Github/decode access token response.vi
21439946820c8c32a66bebb0b762ba26e1e09e27	source/Oauth2.Github/relative access path.vi
2a565a3a0ace66ebe1692b42899d8c599898f038	source/Oauth2.Github/transmit additional endpoints.vi
5ddaff01c21e3ec46dc5454936421936fc27c6f0	source/Oauth2.Google/Initialize OAuth for Google.vi
16d1dcad122b790b88a0b9ff27e2b5e3556bb423	source/Oauth2.Google/Read GoogleAPI URI.vi
d8627bfcda8854111d8d1e932e54d0fd03bd20da	source/Oauth2.Google/Write GoogleAPI URI.vi
03f8056d395cee974b1570df4eb6305b280c7721	source/Oauth2.Google/build token URI.vi
4cba7d1cf4478520e9976332d365949f6228477b	source/Oauth2.Google/decode access token response.vi
40438b3c4adddcba665ddc7b083f0e8be9d7e084	source/Oauth2.Google/relative access path.vi
c848a9ce0a055d8cf7039378520b26560d4b9eb7	source/Oauth2.Harvest/Initialize Oauth for Harvest.vi
4f471dff35f03b35078bec55a1d7da5b34630d50	source/Oauth2.Harvest/decode access token response.vi
64c7c4ba103ca3c847f0a45ca154f78e066bea51	source/Oauth2.Harvest/relative access path.vi
9ac6939df825d03b27570c2afee0ff926caba77f	source/Oauth2.LinkedIn/Initialize OAuth for LinkedIn.vi
99197ab68ab3a82fad70d83a55e521b16ddce1ef	source/Oauth2.LinkedIn/decode access token response.vi
b0688870cdfc0b2e25d19c3641865e94e8802ab6	source/Oauth2.LinkedIn/relative access path.vi
11b603ddeb6355b4cfb1a77944cf0384f2d1a653	source/Oauth2.Slack/Initialize OAuth for Slack.vi
cf937688091400abe29fae1d55f9c2431bfc4d06	source/Oauth2.Slack/decode access token response.vi
a84ad28ad9f3d81114be82801af47936da01ef3a	source/Oauth2.Slack/relative access path.vi
54193a05edfcc8204182cd639aa8be25d8ff2c46	source/Oauth2.Template/decode access token response.vi
24bb2f854a2c8dd15115eb3b1492acf26dfe37ce	source/Oauth2.Template/relative access path.vi
9bda4c6de5ad7eaf0d286cfc8f527ff7d90e6d9e	source/Oauth2/Authorize.vi
070fbb99c3642aa4e0d6251c5f80ca941f785f87	source/Oauth2/Configure OAuth.vi
db42e8feac70201f5a2c0985f4edd0a6ceed5424	source/Oauth2/Configure PKCE.vi
7102ec5ff2e4cc21a55ee0a168f480802b5aa6f0	source/Oauth2/Find Values.vi
e695b77aeb39f30d05e8378831e6107473e976c1	source/Oauth2/Get AccessToken Instance.vi
6cad7f679a928bb58c93c7679bf70a1030007f2a	source/Oauth2/HTTP_SetAuthorizationHeader.vi
163a3bdc25a24c03f8eadd9b2c5929c0496c272d	source/Oauth2/Inject OAuth Client Type.vi
614feeacaaccac4d858ad99c52212b1b670ae14b	source/Oauth2/Read AccessToken.vi
132eb3cf85d0607f03587ea6ad34828664542e29	source/Oauth2/Read Client ID.vi
d3bec3d70e9396bb2ebceed61b889e3df5b5099f	source/Oauth2/Read Client Secret.vi
4af2577fff2bba2f917e133a4b0be51bb70083a0	source/Oauth2/Read ExpiresIn.vi
39a348cc33e23edb4673ebb439f4a3de66a6ad53	source/Oauth2/Read Grant Flow.vi
c8759669c922c797d86f4c0ffff21f699b169b27	source/Oauth2/Read Redirect URI.vi
b3f3e47865d12d86d766451345ed21ae195b7173	source/Oauth2/Read RefreshToken.vi
dddb1bfff5df132f1ae7273d5c96bc8b71ab25b5	source/Oauth2/Read Reverse Proxy URI.vi
b7d68b5d359536107063d27673ffb761b6ef2aea	source/Oauth2/Read scopes.vi
93937300e40d28449fc22162c2118267f1ed4700	source/Oauth2/Read timeout.vi
59058532316632dff0e063722e0a2eb4aaae48e2	source/Oauth2/Refresh Authorization.vi
9d7c7e699f794bd621f5bb413173ad155cbcacd0	source/Oauth2/Write Redirect URI.vi
0cacdaf652196e1b3783bf48c08022c6f9907c77	source/Oauth2/Write Reverse Proxy URI.vi
64e615c61ffb160fcba1a9fc01ce8e79442e6122	source/Oauth2/Write scopes.vi
c47d03bc477b047f18a158f9686f2564fe09d182	source/Oauth2/Write timeout.vi
c60ec8c32cd2a7af5b333f36c6eb5138646fd70c	source/Oauth2/build auth URI.vi
76cea88a63ee59d85f5194cc2a895a48bcd3746c	source/Oauth2/build refresh token URI.vi
3bc32fa205cbf9d6a5a56e238f67f2a89cf61547	source/Oauth2/build token URI.vi
d88d7c4613ad7415462582317b22c5d723db17a0	source/Oauth2/close client handle.vi
1f563ce6dc5cf94c15b272069dc72af01d360795	source/Oauth2/decode access token response.vi
676d2c37df7b5bc864782570f1cb93bec49d12a3	source/Oauth2/getTokenElement.vi
5f51adb25d52a1ea088c54941483aa13872ebb54	source/Oauth2/initialize redirection.vi
3381e8a647cc232a658a05073a1c61aa98e07a50	source/Oauth2/open client handle.vi
fbc04fda0ef3ece9dadb24b4ab84bd4416deb18d	source/Oauth2/relative access path.vi
ca80fa4d26c03b10cf0f130b451369c7d9468b42	source/Oauth2/request auth code.vi
84816f52b02e12742647673f3c277bb4c648c922	source/Oauth2/retrieve token.vi
79efc96c03074e7c642a7d52154bd78d3084cba4	source/Oauth2/setEndpointElement.vi
bb27f53dfad0a7d7518871c7e8748fc3788b5757	source/Oauth2/setTokenElement.vi
0efb6c6a8abf8a555fbd37ce3334c9f73cc1314d	source/Oauth2/transmit additional endpoints.vi
3765ffd60fc6f622f026a9def758b003472503fe	source/Oauth2/usesPKCEWorkflow.vi
a7ed02faf219984d81a9b6d0b14ecbb47feecc46	source/OauthClient/Close Client Handle.vi
c8892982167e642ee90899e7c03fdc81ef7ebfa8	source/OauthClient/Open Client Handle.vi
18753ab4f5fabe290295b0b42bef830bd2fe6291	source/OauthClient/Query Client for Token.vi
4da8537f8498c1f5d1dd3040cfd1c369455666c0	source/OauthClient/Read Listener Type.vi
4818f73f6312fc9501dc1114e11c164ab58346d0	source/OauthClient/Read client handle.vi
be078a879c87320a50d8d85b4cec38ffedc760d6	source/OauthClient/Write Listener Type.vi
1ae1fb64cf27e13c67f289c86cad491d25d7518a	source/OauthClient/Write client handle.vi
6434cebc6952379b89d2c9f2ca3fbf3e653d715b	source/RFC7231 HTTP 1.1/Build HTML Response.vi
e121bcdccee1a68f07d62af13105b128036479c1	source/RFC7231 HTTP 1.1/Parse HTTP Response.vi
3ea33b5fe4c117a604cf73ecc7027765e8f222e4	source/RFC7231 HTTP 1.1/Parse Header.vi
dcc5f8e59be8865300116240abe69a3746ab3120	source/RFC7231 HTTP 1.1/Parse Location.vi
6f45274d462e860da04d8b7d23a841e707ab0ce3	tests/Main Test.vi
539f3f9ce6a26225f95ed61c3f3d93c4a4e90916	tests/Modules/SubTest.vi
